{"node-id": "estacion_2", "date": "datetime.datetime(2016, 4, 8, 11, 43, 54, 920632)", "sampling-frequency": 7, "send-frequency": 7, "broker": {"broker_address": "test.mosquitto.org", "port": "1883", "qos": "2", "user": "gateway", "pass": "asdggfdgdfg"}, "interfaces": [{"type": "wifi", "ssid": "David_IOT", "psk": "Eltiempo"}, {"type": "blue", "alias": "Gateway_PIICO", "mac": "A3545ETR456D"}, {"type": "xbee", "state": "active", "pan-id": "154", "mac": "A3545ETR456D"}], "sensors": [{"type": "tem", "state": "inactive", "sensor-id": "Temperature"}, {"type": "hum", "state": "inactive", "sensor-id": "Humidity"}, {"type": "vel", "state": "inactive", "sensor-id": "wind-speed"}, {"type": "dir", "state": "active", "sensor-id": "Wind-direction"}, {"type": "plu", "state": "active", "sensor-id": "Pluviometer"}, {"type": "rad", "state": "active", "sensor-id": "Solar-radiation"}], "actuators": [{"type": "asp", "state": "active", "actuator-id": "Lawn-sprinkler"}, {"type": "led", "state": "active", "actuator-id": "prueba"}]}
