{"node-id": "estacion_2", "date": "2020-08-30 21:57:36.608547", "sampling-frequency": 5, "send-frequency": 15, "broker": {"broker_address": "192.168.4.1", "port": "1883", "qos": "2", "user": "gateway", "pass": "123456"}, "interfaces": [{"type": "wifi", "ssid": "Piico", "psk": "thisismywirelesspassword"}, {"type": "blue", "alias": "Gateway_PIICO", "mac": "A3545ETR456D"}, {"type": "xbee", "state": "enabled", "pan-id": "154", "mac": "A3545ETR456D"}], "sensors": [{"type": "tem", "state": "enabled", "sensor-id": "Temperature"}, {"type": "hum", "state": "enabled", "sensor-id": "Humidity"}, {"type": "vel", "state": "enabled", "sensor-id": "wind-speed"}, {"type": "dir", "state": "enabled", "sensor-id": "Wind-direction"}, {"type": "plu", "state": "enabled", "sensor-id": "Pluviometer"}, {"type": "rad", "state": "enabled", "sensor-id": "Solar-radiation"}], "actuators": [{"type": "asp", "state": "enabled", "actuator-id": "Lawn-sprinkler"}]}