{"actuators": [{"state": "enabled", "type": "asp", "actuator-id": "Lawn-sprinkler"}], "sensors": [{"sensor-id": "Temperature", "state": "enabled", "type": "tem"}, {"sensor-id": "Humidity", "state": "enabled", "type": "hum"}, {"sensor-id": "wind-speed", "state": "enabled", "type": "vel"}, {"sensor-id": "Wind-direction", "state": "enabled", "type": "dir"}, {"sensor-id": "Pluviometer", "state": "enabled", "type": "plu"}, {"sensor-id": "Solar-radiation", "state": "enabled", "type": "rad"}], "node-id": "estacion_2", "date": "2020-08-30 21:57:36.608547", "send-frequency": 20, "interfaces": [{"ssid": "Piico", "type": "wifi", "psk": "thisismywirelesspassword"}, {"alias": "Gateway_PIICO", "mac": "A3545ETR456D", "type": "blue"}, {"mac": "A3545ETR456D", "state": "enabled", "type": "xbee", "pan-id": "154"}], "sampling-frequency": 5, "broker": {"user": "gateway", "qos": "2", "pass": "789456", "port": "1883", "broker_address": "192.168.4.1"}}