{
    "send-frequency": 7,
    "broker": {
        "broker_address": "192.168.4.1",
        "qos": "2",
        "user": "gateway",
        "port": "1883",
        "pass": "asdggfdgdfg"
    },
    "interfaces": [
        {
            "type": "wifi",
            "ssid": "David_IOT",
            "psk": "Eltiempo"
        },
        {
            "alias": "Gateway_PIICO",
            "type": "blue",
            "mac": "A3545ETR456D"
        },
        {
            "type": "xbee",
            "pan-id": "154",
            "mac": "A3545ETR456D",
            "state": "active"
        }
    ],
    "sampling-frequency": 7,
    "node-id": "estacion_2",
    "actuators": [
        {
            "type": "asp",
            "actuator-id": "Lawn-sprinkler",
            "state": "active"
        },
        {
            "type": "led",
            "actuator-id": "prueba",
            "state": "active"
        }
    ],
    "date": "datetime.datetime(2016, 4, 8, 11, 43, 54, 920632)",
    "sensors": [
        {
            "type": "tem",
            "sensor-id": "Temperature",
            "state": "active"
        },
        {
            "type": "hum",
            "sensor-id": "Humidity",
            "state": "active"
        },
        {
            "type": "vel",
            "sensor-id": "wind-speed",
            "state": "active"
        },
        {
            "type": "dir",
            "sensor-id": "Wind-direction",
            "state": "active"
        },
        {
            "type": "plu",
            "sensor-id": "Pluviometer",
            "state": "active"
        },
        {
            "type": "rad",
            "sensor-id": "Solar-radiation",
            "state": "active"
        }
    ]
}